<?xml version="1.0" encoding="UTF-8"?>
<node>
<version>6</version>
<dict>
  <key>duplicate_of</key><string>ddc9ccac-c291-4a88-822c-47a8822c8fc9</string>
  <key>title</key><string>1.16 SSH and SSH Security</string>
  <key>nodeid</key><string>1a4cf9a2-d0a3-4919-a1c1-09c901538a56</string>
  <key>modified_time</key><integer>1593443245</integer>
  <key>version</key><integer>6</integer>
  <key>content_type</key><string>text/xhtml+xml</string>
  <key>created_time</key><integer>1591266799</integer>
  <key>info_sort_dir</key><integer>1</integer>
  <key>order</key><integer>16</integer>
  <key>info_sort</key><string>order</string>
</dict>
</node>
