<?xml version="1.0" encoding="UTF-8"?>
<node>
<version>6</version>
<dict>
  <key>duplicate_of</key><string>c98ea95c-f0c9-46c3-ab23-faa3e48df5e6</string>
  <key>title</key><string>1.7 Enumerating Distribution &amp; Kernel Information</string>
  <key>nodeid</key><string>482648a7-2685-4915-8eb1-23b379e02f64</string>
  <key>modified_time</key><integer>1593443045</integer>
  <key>version</key><integer>6</integer>
  <key>content_type</key><string>text/xhtml+xml</string>
  <key>created_time</key><integer>1591174044</integer>
  <key>info_sort_dir</key><integer>1</integer>
  <key>order</key><integer>7</integer>
  <key>info_sort</key><string>order</string>
</dict>
</node>
