<?xml version="1.0" encoding="UTF-8"?>
<node>
<version>6</version>
<dict>
  <key>duplicate_of</key><string>65846e3b-7a86-46d1-a992-840c4c4ea388</string>
  <key>title</key><string>1.6 Finding files with locate</string>
  <key>nodeid</key><string>04dd976b-3fab-4251-b0ac-6ee26b611177</string>
  <key>modified_time</key><integer>1593443013</integer>
  <key>expanded2</key><true/>
  <key>version</key><integer>6</integer>
  <key>content_type</key><string>text/xhtml+xml</string>
  <key>created_time</key><integer>1591173289</integer>
  <key>info_sort_dir</key><integer>1</integer>
  <key>order</key><integer>6</integer>
  <key>info_sort</key><string>order</string>
</dict>
</node>
