<?xml version="1.0" encoding="UTF-8"?>
<node>
<version>6</version>
<dict>
  <key>duplicate_of</key><string>8c941c45-51ae-4775-b9bc-5cf3241fcd96</string>
  <key>title</key><string>1.1 Useful Keyboard Shortcut</string>
  <key>nodeid</key><string>08b1a10a-93e0-40e2-ba2d-90c93cc8d554</string>
  <key>modified_time</key><integer>1593442864</integer>
  <key>expanded2</key><true/>
  <key>version</key><integer>6</integer>
  <key>content_type</key><string>text/xhtml+xml</string>
  <key>created_time</key><integer>1591091953</integer>
  <key>info_sort_dir</key><integer>1</integer>
  <key>order</key><integer>1</integer>
  <key>info_sort</key><string>order</string>
</dict>
</node>
