<?xml version="1.0" encoding="UTF-8"?>
<node>
<version>6</version>
<dict>
  <key>duplicate_of</key><string>870fb40c-8a36-497b-a0de-e625432d1421</string>
  <key>title</key><string>1.15 Service and Process Management (htop &amp; systemctl)</string>
  <key>nodeid</key><string>986fa50a-2258-4dee-bcd0-773831ce0c81</string>
  <key>modified_time</key><integer>1593443225</integer>
  <key>version</key><integer>6</integer>
  <key>content_type</key><string>text/xhtml+xml</string>
  <key>created_time</key><integer>1591247033</integer>
  <key>info_sort_dir</key><integer>1</integer>
  <key>order</key><integer>15</integer>
  <key>info_sort</key><string>order</string>
</dict>
</node>
