<?xml version="1.0" encoding="UTF-8"?>
<node>
<version>6</version>
<dict>
  <key>duplicate_of</key><string>01b1c594-9886-42b4-8786-73bf1fa66997</string>
  <key>title</key><string>1.13 Networking (ifconfig,netstat &amp; netdiscover)</string>
  <key>nodeid</key><string>890b3c8b-9eab-4b39-9646-4838bd861275</string>
  <key>modified_time</key><integer>1593443152</integer>
  <key>version</key><integer>6</integer>
  <key>content_type</key><string>text/xhtml+xml</string>
  <key>created_time</key><integer>1591240869</integer>
  <key>info_sort_dir</key><integer>1</integer>
  <key>order</key><integer>13</integer>
  <key>info_sort</key><string>order</string>
</dict>
</node>
