<?xml version="1.0" encoding="UTF-8"?>
<node>
<version>6</version>
<dict>
  <key>duplicate_of</key><string>63d318eb-53f4-49a6-8e8c-31e1564416cb</string>
  <key>title</key><string>1.5 Grep &amp; Piping</string>
  <key>nodeid</key><string>bfe80475-bee1-4d17-bfa2-63745b21ce51</string>
  <key>modified_time</key><integer>1593442983</integer>
  <key>version</key><integer>6</integer>
  <key>content_type</key><string>text/xhtml+xml</string>
  <key>created_time</key><integer>1591171547</integer>
  <key>info_sort_dir</key><integer>1</integer>
  <key>order</key><integer>5</integer>
  <key>info_sort</key><string>order</string>
</dict>
</node>
