<?xml version="1.0" encoding="UTF-8"?>
<node>
<version>6</version>
<dict>
  <key>duplicate_of</key><string>0ba8cafa-5193-4a3b-bb2b-67e9fb35a317</string>
  <key>title</key><string>1.9 Shells &amp; Bash Configuration</string>
  <key>nodeid</key><string>18aefe7b-0422-4b1b-863a-b23ccde8e113</string>
  <key>modified_time</key><integer>1593443085</integer>
  <key>version</key><integer>6</integer>
  <key>content_type</key><string>text/xhtml+xml</string>
  <key>created_time</key><integer>1591195538</integer>
  <key>info_sort_dir</key><integer>1</integer>
  <key>order</key><integer>9</integer>
  <key>info_sort</key><string>order</string>
</dict>
</node>
