<?xml version="1.0" encoding="UTF-8"?>
<node>
<version>6</version>
<dict>
  <key>duplicate_of</key><string>fea29093-f617-4efe-87dc-0816d952b598</string>
  <key>title</key><string>1.2 File Management and Manipulation</string>
  <key>nodeid</key><string>e44b682d-8150-4b5a-a4cf-d110925243de</string>
  <key>modified_time</key><integer>1593442904</integer>
  <key>version</key><integer>6</integer>
  <key>content_type</key><string>text/xhtml+xml</string>
  <key>created_time</key><integer>1591159409</integer>
  <key>info_sort_dir</key><integer>1</integer>
  <key>order</key><integer>2</integer>
  <key>info_sort</key><string>order</string>
</dict>
</node>
