<?xml version="1.0" encoding="UTF-8"?>
<node>
<version>6</version>
<dict>
  <key>duplicate_of</key><string>a2891711-512f-4ef9-b843-97542d946e2a</string>
  <key>title</key><string>1.11 File Compression &amp; Archiving with tar</string>
  <key>nodeid</key><string>1cf3d073-3d05-4b26-a843-eba8ab041cb6</string>
  <key>modified_time</key><integer>1593443121</integer>
  <key>version</key><integer>6</integer>
  <key>content_type</key><string>text/xhtml+xml</string>
  <key>created_time</key><integer>1591204643</integer>
  <key>info_sort_dir</key><integer>1</integer>
  <key>order</key><integer>11</integer>
  <key>info_sort</key><string>order</string>
</dict>
</node>
