<?xml version="1.0" encoding="UTF-8"?>
<node>
<version>6</version>
<dict>
  <key>duplicate_of</key><string>761fe0c9-60f0-414f-adb0-2e5b23980b57</string>
  <key>title</key><string>1.4 File &amp; Directory Ownership</string>
  <key>nodeid</key><string>16490d5d-81a1-44f5-a183-9fea58a3d765</string>
  <key>modified_time</key><integer>1593442964</integer>
  <key>version</key><integer>6</integer>
  <key>content_type</key><string>text/xhtml+xml</string>
  <key>created_time</key><integer>1591170806</integer>
  <key>info_sort_dir</key><integer>1</integer>
  <key>order</key><integer>4</integer>
  <key>info_sort</key><string>order</string>
</dict>
</node>
