<?xml version="1.0" encoding="UTF-8"?>
<node>
<version>6</version>
<dict>
  <key>expanded</key><true/>
  <key>duplicate_of</key><string>cd958629-f758-47a7-8014-466ee40dc3d3</string>
  <key>title</key><string>1 Introductory Linux</string>
  <key>nodeid</key><string>035777f1-3ebd-4494-8741-b26c72f3893e</string>
  <key>modified_time</key><integer>1593442839</integer>
  <key>version</key><integer>6</integer>
  <key>content_type</key><string>text/xhtml+xml</string>
  <key>created_time</key><integer>1591091894</integer>
  <key>info_sort_dir</key><integer>1</integer>
  <key>order</key><integer>0</integer>
  <key>info_sort</key><string>order</string>
  <key>icon</key><string>folder-red.png</string>
</dict>
</node>
