<?xml version="1.0" encoding="UTF-8"?>
<node>
<version>6</version>
<dict>
  <key>duplicate_of</key><string>b2eb208a-e9f4-4988-821a-b41c00632b76</string>
  <key>title</key><string>1.3 File &amp; Directory Permissions</string>
  <key>nodeid</key><string>350b52cb-b366-43c7-afc6-fcf76b343111</string>
  <key>modified_time</key><integer>1593442934</integer>
  <key>version</key><integer>6</integer>
  <key>content_type</key><string>text/xhtml+xml</string>
  <key>created_time</key><integer>1591161948</integer>
  <key>info_sort_dir</key><integer>1</integer>
  <key>order</key><integer>3</integer>
  <key>info_sort</key><string>order</string>
</dict>
</node>
