<?xml version="1.0" encoding="UTF-8"?>
<node>
<version>6</version>
<dict>
  <key>duplicate_of</key><string>01ab88f2-282d-4bc8-af6a-76fd129b2d7a</string>
  <key>title</key><string>1.8 find , file &amp; xargs </string>
  <key>nodeid</key><string>0e87296d-c912-475d-9ad0-0084b1ee0ef0</string>
  <key>modified_time</key><integer>1593443070</integer>
  <key>version</key><integer>6</integer>
  <key>content_type</key><string>text/xhtml+xml</string>
  <key>created_time</key><integer>1591176856</integer>
  <key>info_sort_dir</key><integer>1</integer>
  <key>order</key><integer>8</integer>
  <key>info_sort</key><string>order</string>
</dict>
</node>
