<?xml version="1.0" encoding="UTF-8"?>
<node>
<version>6</version>
<dict>
  <key>duplicate_of</key><string>526ec387-bbd3-4c6d-a340-2d11a8522029</string>
  <key>title</key><string>1.12 Users,Groups &amp; Permissions with visudo</string>
  <key>nodeid</key><string>4fb3909e-e6d7-4880-a9f3-9cb45b194c0f</string>
  <key>modified_time</key><integer>1593443135</integer>
  <key>version</key><integer>6</integer>
  <key>content_type</key><string>text/xhtml+xml</string>
  <key>created_time</key><integer>1591207726</integer>
  <key>info_sort_dir</key><integer>1</integer>
  <key>order</key><integer>12</integer>
  <key>info_sort</key><string>order</string>
</dict>
</node>
