<?xml version="1.0" encoding="UTF-8"?>
<node>
<version>6</version>
<dict>
  <key>duplicate_of</key><string>2519e008-2717-4309-bd75-8074da2f5e16</string>
  <key>title</key><string>1.10 Disk Usage</string>
  <key>nodeid</key><string>e2296113-06af-4d57-a825-2a22e2291f55</string>
  <key>modified_time</key><integer>1593443105</integer>
  <key>version</key><integer>6</integer>
  <key>content_type</key><string>text/xhtml+xml</string>
  <key>created_time</key><integer>1591203712</integer>
  <key>info_sort_dir</key><integer>1</integer>
  <key>order</key><integer>10</integer>
  <key>info_sort</key><string>order</string>
</dict>
</node>
